ponto,tensao_V,corrente_A,resistencia_ohm
1,0.2,0.00429,46.652
2,0.299,0.00636,47.098
3,0.399,0.00857,46.548
4,0.498,0.01085,45.95
5,0.598,0.01268,47.166
6,0.697,0.01479,47.166
7,0.797,0.01736,45.912
8,0.896,0.01929,46.465
9,0.996,0.02104,47.333
10,1.095,0.0235,46.621
11,1.195,0.02525,47.329
12,1.294,0.02735,47.331
13,1.394,0.02977,46.83
14,1.493,0.03086,48.389
15,1.593,0.03302,48.248
16,1.692,0.03571,47.4
17,1.792,0.03755,47.725
18,1.891,0.04043,46.779
19,1.991,0.04178,47.649
20,2.09,0.04354,48.017
21,2.19,0.04762,45.989
22,2.289,0.04855,47.16
23,2.389,0.05088,46.952
24,2.488,0.05181,48.026
25,2.588,0.05461,47.387
26,2.687,0.05727,46.922
27,2.787,0.05827,47.826
28,2.886,0.06176,46.737
29,2.986,0.06296,47.427
30,3.085,0.06536,47.207
31,3.185,0.06715,47.428
32,3.284,0.07182,45.729
33,3.384,0.07198,47.01
34,3.483,0.07294,47.758
35,3.583,0.07717,46.427
36,3.682,0.07691,47.877
37,3.782,0.08072,46.853
38,3.881,0.08016,48.423
39,3.981,0.08301,47.955
40,4.08,0.08707,46.862
41,4.18,0.08992,46.485
42,4.279,0.09129,46.879
43,4.379,0.09301,47.082
44,4.478,0.09485,47.213
45,4.578,0.09524,48.066
46,4.677,0.09844,47.513
47,4.777,0.10093,47.327
48,4.876,0.1054,46.266
49,4.976,0.10642,46.759
50,5.075,0.10513,48.277
51,5.175,0.11064,46.773
52,5.274,0.11157,47.273
53,5.374,0.11318,47.482
54,5.473,0.11752,46.573
55,5.573,0.12041,46.284
56,5.672,0.12237,46.352
57,5.772,0.12126,47.599
58,5.871,0.12434,47.219
59,5.971,0.12767,46.768
60,6.07,0.13105,46.322
61,6.17,0.13033,47.34
62,6.269,0.13302,47.131
63,6.369,0.13326,47.793
64,6.468,0.13515,47.859
65,6.568,0.14144,46.434
66,6.667,0.14474,46.063
67,6.767,0.14382,47.051
68,6.866,0.14829,46.303
69,6.966,0.14901,46.746
70,7.065,0.14887,47.459
71,7.165,0.15327,46.747
72,7.264,0.15813,45.94
73,7.364,0.15659,47.025
74,7.463,0.16252,45.922
75,7.563,0.15459,48.922
76,7.662,0.16504,46.428
77,7.762,0.16536,46.939
78,7.861,0.16651,47.212
79,7.961,0.16961,46.935
80,8.06,0.16638,48.444
81,8.16,0.17304,47.155
82,8.259,0.17667,46.75
83,8.359,0.18179,45.981
84,8.458,0.17856,47.368
85,8.558,0.17987,47.577
86,8.657,0.18281,47.356
87,8.757,0.18887,46.363
88,8.856,0.18936,46.769
89,8.956,0.18903,47.376
90,9.055,0.19415,46.641
91,9.155,0.19507,46.932
92,9.254,0.19976,46.327
93,9.354,0.19692,47.5
94,9.453,0.20014,47.232
95,9.553,0.20205,47.278
96,9.652,0.20086,48.055
97,9.752,0.20841,46.792
98,9.851,0.21042,46.817
99,9.951,0.21173,46.996
100,10.05,0.21308,47.166
101,10.15,0.21137,48.019
102,10.249,0.21669,47.298
103,10.349,0.21905,47.243
104,10.448,0.21963,47.572
105,10.548,0.22388,47.114
106,10.647,0.22791,46.717
107,10.747,0.23512,45.707
108,10.846,0.23138,46.877
109,10.946,0.23379,46.819
110,11.045,0.23474,47.053
111,11.145,0.2303,48.393
112,11.244,0.23914,47.019
113,11.344,0.24157,46.958
114,11.443,0.25247,45.325
115,11.543,0.24488,47.136
116,11.642,0.24883,46.788
117,11.742,0.24969,47.024
118,11.841,0.24752,47.839
119,11.941,0.25841,46.208
120,12.04,0.25906,46.476
121,12.14,0.26136,46.449
122,12.239,0.25686,47.65
123,12.339,0.26805,46.031
124,12.438,0.25908,48.01
125,12.538,0.26911,46.59
126,12.637,0.27771,45.505
127,12.737,0.26697,47.709
128,12.836,0.27079,47.403
129,12.936,0.27564,46.93
130,13.035,0.27525,47.358
131,13.135,0.27296,48.119
132,13.234,0.28187,46.952
133,13.334,0.27917,47.761
134,13.433,0.28784,46.668
135,13.533,0.28396,47.657
136,13.632,0.29679,45.932
137,13.732,0.28873,47.559
138,13.831,0.29286,47.228
139,13.931,0.30001,46.433
140,14.03,0.293,47.884
141,14.13,0.30166,46.84
142,14.229,0.30868,46.096
143,14.329,0.29751,48.161
144,14.428,0.30783,46.87
145,14.528,0.3103,46.817
146,14.627,0.31487,46.455
147,14.727,0.30752,47.889
148,14.826,0.3092,47.95
149,14.926,0.32005,46.635
150,15.025,0.32111,46.792
151,15.125,0.32301,46.824
152,15.224,0.3256,46.757
153,15.324,0.32271,47.484
154,15.423,0.32929,46.837
155,15.523,0.33172,46.794
156,15.622,0.32882,47.509
157,15.722,0.34386,45.72
158,15.821,0.33901,46.668
159,15.921,0.33268,47.855
160,16.02,0.34421,46.542
161,16.12,0.33796,47.697
162,16.219,0.34916,46.452
163,16.319,0.35324,46.197
164,16.418,0.34502,47.586
165,16.518,0.35652,46.33
166,16.617,0.35574,46.711
167,16.717,0.36006,46.428
168,16.816,0.36797,45.7
169,16.916,0.35858,47.174
170,17.015,0.35793,47.537
171,17.115,0.35928,47.636
172,17.214,0.36177,47.582
173,17.314,0.36795,47.054
174,17.413,0.37239,46.761
175,17.513,0.37415,46.806
176,17.612,0.37937,46.424
177,17.712,0.37692,46.991
178,17.811,0.38722,45.997
179,17.911,0.37956,47.187
180,18.01,0.39883,45.157
181,18.11,0.38893,46.563
182,18.209,0.38245,47.612
183,18.309,0.38329,47.767
184,18.408,0.39449,46.662
185,18.508,0.39246,47.158
186,18.607,0.40013,46.502
187,18.707,0.40084,46.669
188,18.806,0.39969,47.051
189,18.906,0.39714,47.605
190,19.005,0.39517,48.093
191,19.105,0.40376,47.317
192,19.204,0.41384,46.404
193,19.304,0.41203,46.85
194,19.403,0.40512,47.895
195,19.503,0.41602,46.878
196,19.602,0.41947,46.73
197,19.702,0.41362,47.631
198,19.801,0.42227,46.892
199,19.901,0.42378,46.959
200,20.0,0.41824,47.82
